{
"lengthUnit": "mil",
"components": {
	"fields": ["COMPONENT_NO", "COMPONENT_NAME", "LAYER", "X_COORDINATE", "Y_COORDINATE", "ANGLE"],
	"rows": [
		[1, "C1", "T", 2440.94, -1425.19, 90],
		[2, "LED1", "T", 1401.5, -1393.27, 90],
		[3, "R1", "T", 2311.02, -1326.77, 0],
		[4, "U1", "T", 2558.82, -1390.35, 180],
		[5, "U2", "T", 3154.96, -1448.19, 90]
	]
},
"pins": {
	"fields": ["PIN_NO", "PIN_NAME", "PIN_X", "PIN_Y", "LAYER", "PIN_TYPE", "NET_NAME", "NET_TYPE", "PAD_SHAPE", "PAD_SIZEX", "PAD_SIZEY", "HOLE_SIZE", "PAD_ANGLE"],
	"rows": [
		[1, "C1_1", 2440.94, -1452.75, "T", "SMD", "$1N429", "", "R", 31.5, 35.43, 0, 90],
		[2, "C1_2", 2440.94, -1397.63, "T", "SMD", "$1N423", "", "R", 31.5, 35.43, 0, 90],
		[3, "LED1_1", 1401.5, -1351.92, "T", "SMD", "$1N480", "", "R", 39.37, 55.1, 0, 270],
		[4, "LED1_2", 1401.5, -1434.62, "T", "SMD", "$1N429", "", "R", 39.37, 55.1, 0, 270],
		[5, "R1_1", 2281.36, -1326.77, "T", "SMD", "$1N480", "", "R", 31.75, 34.02, 0, 0],
		[6, "R1_2", 2340.68, -1326.77, "T", "SMD", "$1N423", "", "R", 31.75, 34.02, 0, 0],
		[7, "U1_1", 2578.5, -1364.76, "T", "SMD", "$1N441", "", "R", 19.68, 11.02, 0, 270],
		[8, "U1_2", 2558.82, -1364.76, "T", "SMD", "$1N429", "", "R", 19.68, 11.02, 0, 270],
		[9, "U1_3", 2539.14, -1364.76, "T", "SMD", "U1_3", "", "R", 19.68, 11.02, 0, 270],
		[10, "U1_4", 2535.2, -1390.35, "T", "SMD", "U1_4", "", "R", 17.72, 11.81, 0, 360],
		[11, "U1_5", 2539.13, -1415.94, "T", "SMD", "U1_5", "", "R", 19.68, 11.02, 0, 270],
		[12, "U1_6", 2558.82, -1415.94, "T", "SMD", "$1N423", "", "R", 19.68, 11.02, 0, 270],
		[13, "U1_7", 2578.5, -1415.94, "T", "SMD", "$1N423", "", "R", 19.68, 11.02, 0, 270],
		[14, "U1_8", 2582.44, -1390.35, "T", "SMD", "$1N446", "", "R", 17.72, 11.81, 0, 360],
		[15, "U2_P$1", 2629.96, -1473.19, "T", "SMD", "$1N446", "", "R", 29.53, 11.81, 0, 180],
		[16, "U2_P$2", 2779.96, -1423.19, "T", "DIP", "$1N441", "", "C", 31.81, 31.81, 11.81, 90],
		[17, "U2_P$2", 2779.96, -1423.19, "B", "DIP", "$1N441", "", "C", 31.81, 31.81, 11.81, 90]
	]
}
}